hashtag,number,category
#quotes,59000000,general
#quoteoftheday,26700000,general
#selflove,18400000,general
#qotd,14000000,general
#inspirationalquotes,10200000,general
#instagquote,10100000,general
#lovequotes,10000000,general
#lifequotes,8900000,general
#quotestoliveby,7700000,general
#selfcare,7600000,general
#quotestagram,4000000,general
#instaquotes,3400000,general
#quotesoftheday,3300000,general
#successquotes,3000000,general
#heartbroken,2600000,general
#sadquotes,2200000,general
#quotesdaily,1800000,general
#quotesaboutlife,1800000,general
#quotestags,1700000,general
#quotesofinstagram,1200000,general
#quotesgram,1100000,general
#inspirationalquote,1100000,general
#lovequote,993000,general
#thegoodquote,915000,general
#friendshipquotes,781000,general
#quotesandsayings,776000,general
#quotesforlife,694000,general
#quoted,604000,general
#quoteofthenight,339000,general
#quotesforyou,318000,general
#quotesaboutlove,303000,general
#quotesaboutlifequotesandsayings,291000,general
#quoteofday,253000,general
#quotegram,244000,general
#quotesoflife,217000,general
#quotesoflife,216000,general
#lovequotesandsayings,212000,general
#quotetoliveby,209000,general
#quotedaily,174000,general
#quotess,169000,general
#quoteslove,143000,general
#quoteslife,142000,general
#quotestoinspire,141000,general
#sadlovequotes,141000,general
#lovethisquote,138000,general
#quoteme,123000,general
#quotesilove,104000,general
#quotesfordays,103000,general
#quotes4you,100000,general
#quotestoremember,96000,general
#quotepage,92000,general
#quotestag,86000,general
#quotespage,85000,general
#quoteoflife,83000,general
#quoteslover,81000,general
#quotelover,80000,general
#quoteporn,77000,general
#lovesayings,75100,general
#quotefortoday,60000,general
#quotestoday,59000,general
#quoteday,56000,general
#quote_of_the_day,50000,general
#quotelovers,46000,general
#quotesforever,45200,general
#quotesoninstagram,44800,general
#quotesaccount,38300,general
#instaquoteoftheday,35000,general
#quotesworld,34000,general
#instaquotesdaily,29000,general
#quotestosee,28800,general
#quotesabouteverything,28000,general
#instaquotesgram,20000,general
#quotestumblr,18800,general
#quotesfortoday,14000,general
#quotesday,12800,general
#quotestolive,12700,general
#quotesilike,12400,general
#quotes4u,11800,general
#quotesaddict,11400,general
#lovesaying,10900,general
#quotesforall,8300,general
#quotesgraphy,7300,general
#quoteswelove,5000,general
#quoteshare,4700,general
#quoteilike,2900,general
#motivation,155000000,motivation
#motivated,11300000,motivation
#motivationalquotes,10400000,motivation
#motivate,7200000,motivation
#motivational,7000000,motivation
#motivationmonday,4900000,motivation
#staymotivated,1400000,motivation
#motivationalquote,1300000,motivation
#motivationalmonday,1200000,motivation
#motivations,682000,motivation
#motivateyourself,488000,motivation
#motivationquote,348000,motivation
#getmotivated,325000,motivation
#selfmotivated,290000,motivation
#motivationalwords,252000,motivation
#motivationmondays,223000,motivation
#motivationalpost,214000,motivation
#motivationdaily,191000,motivation
#bemotivated,189000,motivation
#motivationoftheday,188000,motivation
#motivationmafia,185000,motivation
#motivationiskey,172000,motivation
#motivateme,168000,motivation
#motivationalmondays,167000,motivation
#motivation101,156000,motivation
#motivateothers,155000,motivation
#motivationalquoteoftheday,124000,motivation
#motivationalmondays,123000,motivation
#motivationnation,111000,motivation
#motivationforlife,76000,motivation
#motivates,57700,motivation
#motivatedmindset,55200,motivation
#motivatedmonday,54800,motivation
#motivationalpage,54500,motivation
#motivationalquotesoftheday,48400,motivation
#motivateeachother,44500,motivation
#motivatedminds,21000,motivation
#motivater,20500,motivation
#motivatedanddetermined,19900,motivation
#motivatedaf,19600,motivation
#motivatemyself,17300,motivation
#motivatedaily,13600,motivation
#motivateandinspire,13140,motivation
#motivateyou,13100,motivation
#motivatedmondays,12400,motivation
#motivated2work,12300,motivation
#motivatesomeone,11800,motivation
#motivateyourmind,10800,motivation
#motivatesme,8000,motivation
#book,33000000,poetry
#bookstagram,22900000,poetry
#bookworm,11700000,poetry
#writersofinstagram,10290000,poetry
#booklover,8300000,poetry
#poetsofinstagram,5900000,poetry
#poetrycommunity,5780000,poetry
#writerscommunity,3100000,poetry
#poetryisnotdead,2400000,poetry
#instapoetry,1800000,poetry
#wordgasm,1290000,poetry
#poetryofinstagram,1200000,poetry
#igpoets,1000000,poetry
#poetryporn,915000,poetry
#writings,806000,poetry
#poetsociety,703000,poetry
#poetryofig,587000,poetry
#igpoetry,562000,poetry
#wordart,546000,poetry
#poetrygram,536000,poetry
#poetryinmotion,532000,poetry
#poetrylovers,515000,poetry
#poetrysociety,415000,poetry
#poetryslam,399000,poetry
#micropoetry,359000,poetry
#igpoet,350000,poetry
#typewriterpoetry,333000,poetry
#lovepoetry,330000,poetry
#writinglife,328000,poetry
#poetryislife,299000,poetry
#omypoetry,270000,poetry
#poetrycommunityofinstagram,264000,poetry
#poetrybook,177000,poetry
#poetrylove,167000,poetry
#igpoem,145000,poetry
#igpoems,129000,poetry
#poetry_addicts,125000,poetry
#sadpoetry,121000,poetry
#poetryhive,120000,poetry
#poetrylover,118000,poetry
#poetryisart,107000,poetry
#poetrytribe,103000,poetry
#poetryislove,101000,poetry
#poetryclub,100000,poetry
#writingislife,89000,poetry
#poetrybooks,86100,poetry
#poetrycorner,84400,poetry
#poetryloving,79500,poetry
#poetryoftheday,69700,poetry
#poetryaddict,68700,poetry
#sweetzthoughts,53000,poetry
#poetryforthesoul,46800,poetry
#poetrydaily,42800,poetry
