No., Company, Position, Timeline, Location, Posted, Link
1, Nexlec, Digital Marketing Internship, Immediate Start - For At Least 3 Months, Tanjong Pagar,  16 Jan, https://www.internsg.com/job/nexlec-digital-marketing-internship/
2, Cartrack Technologies South East Asia Pte Ltd, Application Support Specialist, Immediate Start - Permanent, Paya Lebar,  16 Jan, https://www.internsg.com/job/cartrack-technologies-south-east-asia-pte-ltd-application-support-specialist-2/
3, SGBM Pte Ltd, Django Software Developer, Immediate Start - For At Least 3 Months, Novena,  15 Jan, https://www.internsg.com/job/sgbm-pte-ltd-django-software-developer-6/
4, Schroder Investment Management Ltd, 2019 Technology Internship Programme - Singapore, From May 2019 - For At Least 3 Months, Central Business District (CBD),  14 Jan, https://www.internsg.com/job/schroder-investment-management-ltd-2019-technology-internship-programme-singapore/
5, Spacesense Technologies Pte Ltd, Front End Development & Website QA Test Intern, Immediate Start - For At Least 3 Months, Central Business District (CBD...,  14 Jan, https://www.internsg.com/job/spacesense-technologies-pte-ltd-front-end-development-website-qa-test-intern/
6, Skyrus Network Pte Ltd, Software Engineer, Immediate Start - For At Least 3 Months, Central Business District (CBD),  14 Jan, https://www.internsg.com/job/skyrus-network-pte-ltd-software-engineer-2/
7, Wizlearn Technologies Pte Ltd, Graphics Designer, Immediate Start - For At Least 3 Months, Queenstown,  11 Jan, https://www.internsg.com/job/wizlearn-technologies-pte-ltd-graphics-designer-2/
8, Dishdash.co, Intern Web Developer, Immediate Start - Flexible Duration, Central Business District (CBD...,  11 Jan, https://www.internsg.com/job/dishdash-co-intern-web-developer/
9, Axxis Consulting, SAP CRM / C / 4hana Internship, Flexible Start - For At Least 3 Months, Other Countries - Paya Lebar - Singapore,  11 Jan, https://www.internsg.com/job/axxis-consulting-sap-crm-c-4hana-internship/
10, Scooget, Web Designer / Front-end Developer, Flexible Start - For At Least 3 Months, Singapore,  11 Jan, https://www.internsg.com/job/scooget-web-designer-front-end-developer-2/
11, PwC, Information Security Analyst, Immediate Start - For At Least 6 Months, Central Business District (CBD),  16 Jan, https://www.internsg.com/job/pwc-information-security-analyst/
12, OMG Consulting Pte Ltd, Field Implementation / Technical Trainer, Immediate Start - For At Least 3 Months, East Region - Paya Lebar - Singapore,  15 Jan, https://www.internsg.com/job/omg-consulting-pte-ltd-field-implementation-technical-trainer-6/
13, 42Race, Tech Product Management Intern, Immediate Start - For At Least 3 Months, Singapore,  14 Jan, https://www.internsg.com/job/42race-tech-product-management-intern-4/
14, Quesmi, CTO (& Cofounder), Immediate Start - Permanent, Central Region (Non Town),  14 Jan, https://www.internsg.com/job/quesmi-cto-cofounder/
15, Dishdash, QA Engineer Intern, Immediate Start - Flexible Duration, Raffles Place / Cityhall,  14 Jan, https://www.internsg.com/job/dishdash-qa-engineer-intern/
16, Castlery Pte Ltd, Software Engineer Intern, Immediate Start - For At Least 5 Months, Central Business District (CBD...,  14 Jan, https://www.internsg.com/job/castlery-pte-ltd-software-engineer-intern/
17, Robert Bosch SEA Pte Ltd, Intern - Business Development, From 18 Feb 2019 - 17 Aug 2019, Bishan - Central Region (Non Town),  11 Jan, https://www.internsg.com/job/robert-bosch-sea-pte-ltd-intern-business-development-4/
18, Dishdash, iOS Intern, Immediate Start - Flexible Duration, Central Business District (CBD),  11 Jan, https://www.internsg.com/job/dishdash-ios-intern/
19, Scooget, Full Stack / Back-end Developer, Flexible Start - For At Least 6 Months, Singapore,  11 Jan, https://www.internsg.com/job/scooget-full-stack-back-end-developer/
20, Scooget, Web Portal Administrator, Flexible Start - For At Least 3 Months, Singapore,  11 Jan, https://www.internsg.com/job/scooget-web-portal-administrator-2/
